id,x,y,z
26,-129.71424865722656,100.7616958618164,-9.174771308898926
26,-131.25518798828125,105.36630249023438,-9.502592086791992
27,-219.95460510253906,-79.63534545898438,-13.339654922485352
27,-221.63063049316406,-76.32164764404297,-13.529796600341797
28,-145.16299438476562,-45.36741638183594,-11.085261344909668
28,-145.68731689453125,-50.05899429321289,-10.959430694580078
29,-138.4781951904297,-46.23649597167969,-10.822637557983398
29,-137.65957641601562,-43.13092803955078,-10.991032600402832
