id,x,y,z
8,-12.907744407653809,-312.65966796875,-0.11501169204711914
8,-13.102874755859375,-313.3699951171875,-0.13815975189208984
8,-6.294719696044922,-317.1448974609375,0.247772216796875
8,-5.862188339233398,-316.5695495605469,0.26825809478759766
9,6.934381484985352,-272.7193908691406,0.19509506225585938
9,6.66270637512207,-273.2679138183594,0.21636009216308594
9,13.578685760498047,-276.7792663574219,0.5128545761108398
9,13.878314971923828,-276.0804748535156,0.5235977172851562
