id,x,y,z
100,237.27943420410156,-63.100341796875,-1.0218544006347656
100,236.2920684814453,-61.29294204711914,-1.109206199645996
101,232.8799285888672,-55.11259460449219,-1.4450397491455078
101,231.06149291992188,-51.812713623046875,-1.639235496520996
102,228.50990295410156,-47.075408935546875,-1.873189926147461
102,226.7291717529297,-43.747962951660156,-2.046018600463867
