w_id,x,y,z
1,233.73296356201172,-56.657681465148926,-1.3610813617706299
1,231.9145278930664,-53.35780048370361,-1.5552771091461182
2,236.42639923095703,-61.55525493621826,-1.1058127880096436
2,235.43903350830078,-59.7478551864624,-1.193164587020874
